sentid	comparison	pairid	contextid	lemma	condition	pronoun	sentence	ROI
0	expected	0	0	frightened	subject	he	Bob frightened Sue because he	4,5
1	unexpected	0	0	frightened	subject	she	Bob frightened Sue because she	4,5
2	unexpected	1	0	frightened	subject	he	Sue frightened Bob because he	4,5
3	expected	1	0	frightened	subject	she	Sue frightened Bob because she	4,5
4	expected	2	0	frightened	subject	he	Bob frightened Mary because he	4,5
5	unexpected	2	0	frightened	subject	she	Bob frightened Mary because she	4,5
6	unexpected	3	0	frightened	subject	he	Mary frightened Bob because he	4,5
7	expected	3	0	frightened	subject	she	Mary frightened Bob because she	4,5
8	expected	4	0	frightened	subject	he	Bob frightened Sally because he	4,5
9	unexpected	4	0	frightened	subject	she	Bob frightened Sally because she	4,5
10	unexpected	5	0	frightened	subject	he	Sally frightened Bob because he	4,5
11	expected	5	0	frightened	subject	she	Sally frightened Bob because she	4,5
12	expected	6	0	frightened	subject	he	Fred frightened Sue because he	4,5
13	unexpected	6	0	frightened	subject	she	Fred frightened Sue because she	4,5
14	unexpected	7	0	frightened	subject	he	Sue frightened Fred because he	4,5
15	expected	7	0	frightened	subject	she	Sue frightened Fred because she	4,5
16	expected	8	0	frightened	subject	he	Fred frightened Mary because he	4,5
17	unexpected	8	0	frightened	subject	she	Fred frightened Mary because she	4,5
18	unexpected	9	0	frightened	subject	he	Mary frightened Fred because he	4,5
19	expected	9	0	frightened	subject	she	Mary frightened Fred because she	4,5
20	expected	10	0	frightened	subject	he	Fred frightened Sally because he	4,5
21	unexpected	10	0	frightened	subject	she	Fred frightened Sally because she	4,5
22	unexpected	11	0	frightened	subject	he	Sally frightened Fred because he	4,5
23	expected	11	0	frightened	subject	she	Sally frightened Fred because she	4,5
24	expected	12	0	frightened	subject	he	Mark frightened Sue because he	4,5
25	unexpected	12	0	frightened	subject	she	Mark frightened Sue because she	4,5
26	unexpected	13	0	frightened	subject	he	Sue frightened Mark because he	4,5
27	expected	13	0	frightened	subject	she	Sue frightened Mark because she	4,5
28	expected	14	0	frightened	subject	he	Mark frightened Mary because he	4,5
29	unexpected	14	0	frightened	subject	she	Mark frightened Mary because she	4,5
30	unexpected	15	0	frightened	subject	he	Mary frightened Mark because he	4,5
31	expected	15	0	frightened	subject	she	Mary frightened Mark because she	4,5
32	expected	16	0	frightened	subject	he	Mark frightened Sally because he	4,5
33	unexpected	16	0	frightened	subject	she	Mark frightened Sally because she	4,5
34	unexpected	17	0	frightened	subject	he	Sally frightened Mark because he	4,5
35	expected	17	0	frightened	subject	she	Sally frightened Mark because she	4,5
36	expected	0	1	bored	subject	he	Bob bored Sue because he	4,5
37	unexpected	0	1	bored	subject	she	Bob bored Sue because she	4,5
38	unexpected	1	1	bored	subject	he	Sue bored Bob because he	4,5
39	expected	1	1	bored	subject	she	Sue bored Bob because she	4,5
40	expected	2	1	bored	subject	he	Bob bored Mary because he	4,5
41	unexpected	2	1	bored	subject	she	Bob bored Mary because she	4,5
42	unexpected	3	1	bored	subject	he	Mary bored Bob because he	4,5
43	expected	3	1	bored	subject	she	Mary bored Bob because she	4,5
44	expected	4	1	bored	subject	he	Bob bored Sally because he	4,5
45	unexpected	4	1	bored	subject	she	Bob bored Sally because she	4,5
46	unexpected	5	1	bored	subject	he	Sally bored Bob because he	4,5
47	expected	5	1	bored	subject	she	Sally bored Bob because she	4,5
48	expected	6	1	bored	subject	he	Fred bored Sue because he	4,5
49	unexpected	6	1	bored	subject	she	Fred bored Sue because she	4,5
50	unexpected	7	1	bored	subject	he	Sue bored Fred because he	4,5
51	expected	7	1	bored	subject	she	Sue bored Fred because she	4,5
52	expected	8	1	bored	subject	he	Fred bored Mary because he	4,5
53	unexpected	8	1	bored	subject	she	Fred bored Mary because she	4,5
54	unexpected	9	1	bored	subject	he	Mary bored Fred because he	4,5
55	expected	9	1	bored	subject	she	Mary bored Fred because she	4,5
56	expected	10	1	bored	subject	he	Fred bored Sally because he	4,5
57	unexpected	10	1	bored	subject	she	Fred bored Sally because she	4,5
58	unexpected	11	1	bored	subject	he	Sally bored Fred because he	4,5
59	expected	11	1	bored	subject	she	Sally bored Fred because she	4,5
60	expected	12	1	bored	subject	he	Mark bored Sue because he	4,5
61	unexpected	12	1	bored	subject	she	Mark bored Sue because she	4,5
62	unexpected	13	1	bored	subject	he	Sue bored Mark because he	4,5
63	expected	13	1	bored	subject	she	Sue bored Mark because she	4,5
64	expected	14	1	bored	subject	he	Mark bored Mary because he	4,5
65	unexpected	14	1	bored	subject	she	Mark bored Mary because she	4,5
66	unexpected	15	1	bored	subject	he	Mary bored Mark because he	4,5
67	expected	15	1	bored	subject	she	Mary bored Mark because she	4,5
68	expected	16	1	bored	subject	he	Mark bored Sally because he	4,5
69	unexpected	16	1	bored	subject	she	Mark bored Sally because she	4,5
70	unexpected	17	1	bored	subject	he	Sally bored Mark because he	4,5
71	expected	17	1	bored	subject	she	Sally bored Mark because she	4,5
72	expected	0	2	frustrated	subject	he	Bob frustrated Sue because he	4,5
73	unexpected	0	2	frustrated	subject	she	Bob frustrated Sue because she	4,5
74	unexpected	1	2	frustrated	subject	he	Sue frustrated Bob because he	4,5
75	expected	1	2	frustrated	subject	she	Sue frustrated Bob because she	4,5
76	expected	2	2	frustrated	subject	he	Bob frustrated Mary because he	4,5
77	unexpected	2	2	frustrated	subject	she	Bob frustrated Mary because she	4,5
78	unexpected	3	2	frustrated	subject	he	Mary frustrated Bob because he	4,5
79	expected	3	2	frustrated	subject	she	Mary frustrated Bob because she	4,5
80	expected	4	2	frustrated	subject	he	Bob frustrated Sally because he	4,5
81	unexpected	4	2	frustrated	subject	she	Bob frustrated Sally because she	4,5
82	unexpected	5	2	frustrated	subject	he	Sally frustrated Bob because he	4,5
83	expected	5	2	frustrated	subject	she	Sally frustrated Bob because she	4,5
84	expected	6	2	frustrated	subject	he	Fred frustrated Sue because he	4,5
85	unexpected	6	2	frustrated	subject	she	Fred frustrated Sue because she	4,5
86	unexpected	7	2	frustrated	subject	he	Sue frustrated Fred because he	4,5
87	expected	7	2	frustrated	subject	she	Sue frustrated Fred because she	4,5
88	expected	8	2	frustrated	subject	he	Fred frustrated Mary because he	4,5
89	unexpected	8	2	frustrated	subject	she	Fred frustrated Mary because she	4,5
90	unexpected	9	2	frustrated	subject	he	Mary frustrated Fred because he	4,5
91	expected	9	2	frustrated	subject	she	Mary frustrated Fred because she	4,5
92	expected	10	2	frustrated	subject	he	Fred frustrated Sally because he	4,5
93	unexpected	10	2	frustrated	subject	she	Fred frustrated Sally because she	4,5
94	unexpected	11	2	frustrated	subject	he	Sally frustrated Fred because he	4,5
95	expected	11	2	frustrated	subject	she	Sally frustrated Fred because she	4,5
96	expected	12	2	frustrated	subject	he	Mark frustrated Sue because he	4,5
97	unexpected	12	2	frustrated	subject	she	Mark frustrated Sue because she	4,5
98	unexpected	13	2	frustrated	subject	he	Sue frustrated Mark because he	4,5
99	expected	13	2	frustrated	subject	she	Sue frustrated Mark because she	4,5
100	expected	14	2	frustrated	subject	he	Mark frustrated Mary because he	4,5
101	unexpected	14	2	frustrated	subject	she	Mark frustrated Mary because she	4,5
102	unexpected	15	2	frustrated	subject	he	Mary frustrated Mark because he	4,5
103	expected	15	2	frustrated	subject	she	Mary frustrated Mark because she	4,5
104	expected	16	2	frustrated	subject	he	Mark frustrated Sally because he	4,5
105	unexpected	16	2	frustrated	subject	she	Mark frustrated Sally because she	4,5
106	unexpected	17	2	frustrated	subject	he	Sally frustrated Mark because he	4,5
107	expected	17	2	frustrated	subject	she	Sally frustrated Mark because she	4,5
108	expected	0	3	betrayed	subject	he	Bob betrayed Sue because he	4,5
109	unexpected	0	3	betrayed	subject	she	Bob betrayed Sue because she	4,5
110	unexpected	1	3	betrayed	subject	he	Sue betrayed Bob because he	4,5
111	expected	1	3	betrayed	subject	she	Sue betrayed Bob because she	4,5
112	expected	2	3	betrayed	subject	he	Bob betrayed Mary because he	4,5
113	unexpected	2	3	betrayed	subject	she	Bob betrayed Mary because she	4,5
114	unexpected	3	3	betrayed	subject	he	Mary betrayed Bob because he	4,5
115	expected	3	3	betrayed	subject	she	Mary betrayed Bob because she	4,5
116	expected	4	3	betrayed	subject	he	Bob betrayed Sally because he	4,5
117	unexpected	4	3	betrayed	subject	she	Bob betrayed Sally because she	4,5
118	unexpected	5	3	betrayed	subject	he	Sally betrayed Bob because he	4,5
119	expected	5	3	betrayed	subject	she	Sally betrayed Bob because she	4,5
120	expected	6	3	betrayed	subject	he	Fred betrayed Sue because he	4,5
121	unexpected	6	3	betrayed	subject	she	Fred betrayed Sue because she	4,5
122	unexpected	7	3	betrayed	subject	he	Sue betrayed Fred because he	4,5
123	expected	7	3	betrayed	subject	she	Sue betrayed Fred because she	4,5
124	expected	8	3	betrayed	subject	he	Fred betrayed Mary because he	4,5
125	unexpected	8	3	betrayed	subject	she	Fred betrayed Mary because she	4,5
126	unexpected	9	3	betrayed	subject	he	Mary betrayed Fred because he	4,5
127	expected	9	3	betrayed	subject	she	Mary betrayed Fred because she	4,5
128	expected	10	3	betrayed	subject	he	Fred betrayed Sally because he	4,5
129	unexpected	10	3	betrayed	subject	she	Fred betrayed Sally because she	4,5
130	unexpected	11	3	betrayed	subject	he	Sally betrayed Fred because he	4,5
131	expected	11	3	betrayed	subject	she	Sally betrayed Fred because she	4,5
132	expected	12	3	betrayed	subject	he	Mark betrayed Sue because he	4,5
133	unexpected	12	3	betrayed	subject	she	Mark betrayed Sue because she	4,5
134	unexpected	13	3	betrayed	subject	he	Sue betrayed Mark because he	4,5
135	expected	13	3	betrayed	subject	she	Sue betrayed Mark because she	4,5
136	expected	14	3	betrayed	subject	he	Mark betrayed Mary because he	4,5
137	unexpected	14	3	betrayed	subject	she	Mark betrayed Mary because she	4,5
138	unexpected	15	3	betrayed	subject	he	Mary betrayed Mark because he	4,5
139	expected	15	3	betrayed	subject	she	Mary betrayed Mark because she	4,5
140	expected	16	3	betrayed	subject	he	Mark betrayed Sally because he	4,5
141	unexpected	16	3	betrayed	subject	she	Mark betrayed Sally because she	4,5
142	unexpected	17	3	betrayed	subject	he	Sally betrayed Mark because he	4,5
143	expected	17	3	betrayed	subject	she	Sally betrayed Mark because she	4,5
144	expected	0	4	amazed	subject	he	Bob amazed Sue because he	4,5
145	unexpected	0	4	amazed	subject	she	Bob amazed Sue because she	4,5
146	unexpected	1	4	amazed	subject	he	Sue amazed Bob because he	4,5
147	expected	1	4	amazed	subject	she	Sue amazed Bob because she	4,5
148	expected	2	4	amazed	subject	he	Bob amazed Mary because he	4,5
149	unexpected	2	4	amazed	subject	she	Bob amazed Mary because she	4,5
150	unexpected	3	4	amazed	subject	he	Mary amazed Bob because he	4,5
151	expected	3	4	amazed	subject	she	Mary amazed Bob because she	4,5
152	expected	4	4	amazed	subject	he	Bob amazed Sally because he	4,5
153	unexpected	4	4	amazed	subject	she	Bob amazed Sally because she	4,5
154	unexpected	5	4	amazed	subject	he	Sally amazed Bob because he	4,5
155	expected	5	4	amazed	subject	she	Sally amazed Bob because she	4,5
156	expected	6	4	amazed	subject	he	Fred amazed Sue because he	4,5
157	unexpected	6	4	amazed	subject	she	Fred amazed Sue because she	4,5
158	unexpected	7	4	amazed	subject	he	Sue amazed Fred because he	4,5
159	expected	7	4	amazed	subject	she	Sue amazed Fred because she	4,5
160	expected	8	4	amazed	subject	he	Fred amazed Mary because he	4,5
161	unexpected	8	4	amazed	subject	she	Fred amazed Mary because she	4,5
162	unexpected	9	4	amazed	subject	he	Mary amazed Fred because he	4,5
163	expected	9	4	amazed	subject	she	Mary amazed Fred because she	4,5
164	expected	10	4	amazed	subject	he	Fred amazed Sally because he	4,5
165	unexpected	10	4	amazed	subject	she	Fred amazed Sally because she	4,5
166	unexpected	11	4	amazed	subject	he	Sally amazed Fred because he	4,5
167	expected	11	4	amazed	subject	she	Sally amazed Fred because she	4,5
168	expected	12	4	amazed	subject	he	Mark amazed Sue because he	4,5
169	unexpected	12	4	amazed	subject	she	Mark amazed Sue because she	4,5
170	unexpected	13	4	amazed	subject	he	Sue amazed Mark because he	4,5
171	expected	13	4	amazed	subject	she	Sue amazed Mark because she	4,5
172	expected	14	4	amazed	subject	he	Mark amazed Mary because he	4,5
173	unexpected	14	4	amazed	subject	she	Mark amazed Mary because she	4,5
174	unexpected	15	4	amazed	subject	he	Mary amazed Mark because he	4,5
175	expected	15	4	amazed	subject	she	Mary amazed Mark because she	4,5
176	expected	16	4	amazed	subject	he	Mark amazed Sally because he	4,5
177	unexpected	16	4	amazed	subject	she	Mark amazed Sally because she	4,5
178	unexpected	17	4	amazed	subject	he	Sally amazed Mark because he	4,5
179	expected	17	4	amazed	subject	she	Sally amazed Mark because she	4,5
180	expected	0	5	confused	subject	he	Bob confused Sue because he	4,5
181	unexpected	0	5	confused	subject	she	Bob confused Sue because she	4,5
182	unexpected	1	5	confused	subject	he	Sue confused Bob because he	4,5
183	expected	1	5	confused	subject	she	Sue confused Bob because she	4,5
184	expected	2	5	confused	subject	he	Bob confused Mary because he	4,5
185	unexpected	2	5	confused	subject	she	Bob confused Mary because she	4,5
186	unexpected	3	5	confused	subject	he	Mary confused Bob because he	4,5
187	expected	3	5	confused	subject	she	Mary confused Bob because she	4,5
188	expected	4	5	confused	subject	he	Bob confused Sally because he	4,5
189	unexpected	4	5	confused	subject	she	Bob confused Sally because she	4,5
190	unexpected	5	5	confused	subject	he	Sally confused Bob because he	4,5
191	expected	5	5	confused	subject	she	Sally confused Bob because she	4,5
192	expected	6	5	confused	subject	he	Fred confused Sue because he	4,5
193	unexpected	6	5	confused	subject	she	Fred confused Sue because she	4,5
194	unexpected	7	5	confused	subject	he	Sue confused Fred because he	4,5
195	expected	7	5	confused	subject	she	Sue confused Fred because she	4,5
196	expected	8	5	confused	subject	he	Fred confused Mary because he	4,5
197	unexpected	8	5	confused	subject	she	Fred confused Mary because she	4,5
198	unexpected	9	5	confused	subject	he	Mary confused Fred because he	4,5
199	expected	9	5	confused	subject	she	Mary confused Fred because she	4,5
200	expected	10	5	confused	subject	he	Fred confused Sally because he	4,5
201	unexpected	10	5	confused	subject	she	Fred confused Sally because she	4,5
202	unexpected	11	5	confused	subject	he	Sally confused Fred because he	4,5
203	expected	11	5	confused	subject	she	Sally confused Fred because she	4,5
204	expected	12	5	confused	subject	he	Mark confused Sue because he	4,5
205	unexpected	12	5	confused	subject	she	Mark confused Sue because she	4,5
206	unexpected	13	5	confused	subject	he	Sue confused Mark because he	4,5
207	expected	13	5	confused	subject	she	Sue confused Mark because she	4,5
208	expected	14	5	confused	subject	he	Mark confused Mary because he	4,5
209	unexpected	14	5	confused	subject	she	Mark confused Mary because she	4,5
210	unexpected	15	5	confused	subject	he	Mary confused Mark because he	4,5
211	expected	15	5	confused	subject	she	Mary confused Mark because she	4,5
212	expected	16	5	confused	subject	he	Mark confused Sally because he	4,5
213	unexpected	16	5	confused	subject	she	Mark confused Sally because she	4,5
214	unexpected	17	5	confused	subject	he	Sally confused Mark because he	4,5
215	expected	17	5	confused	subject	she	Sally confused Mark because she	4,5
216	expected	0	6	amused	subject	he	Bob amused Sue because he	4,5
217	unexpected	0	6	amused	subject	she	Bob amused Sue because she	4,5
218	unexpected	1	6	amused	subject	he	Sue amused Bob because he	4,5
219	expected	1	6	amused	subject	she	Sue amused Bob because she	4,5
220	expected	2	6	amused	subject	he	Bob amused Mary because he	4,5
221	unexpected	2	6	amused	subject	she	Bob amused Mary because she	4,5
222	unexpected	3	6	amused	subject	he	Mary amused Bob because he	4,5
223	expected	3	6	amused	subject	she	Mary amused Bob because she	4,5
224	expected	4	6	amused	subject	he	Bob amused Sally because he	4,5
225	unexpected	4	6	amused	subject	she	Bob amused Sally because she	4,5
226	unexpected	5	6	amused	subject	he	Sally amused Bob because he	4,5
227	expected	5	6	amused	subject	she	Sally amused Bob because she	4,5
228	expected	6	6	amused	subject	he	Fred amused Sue because he	4,5
229	unexpected	6	6	amused	subject	she	Fred amused Sue because she	4,5
230	unexpected	7	6	amused	subject	he	Sue amused Fred because he	4,5
231	expected	7	6	amused	subject	she	Sue amused Fred because she	4,5
232	expected	8	6	amused	subject	he	Fred amused Mary because he	4,5
233	unexpected	8	6	amused	subject	she	Fred amused Mary because she	4,5
234	unexpected	9	6	amused	subject	he	Mary amused Fred because he	4,5
235	expected	9	6	amused	subject	she	Mary amused Fred because she	4,5
236	expected	10	6	amused	subject	he	Fred amused Sally because he	4,5
237	unexpected	10	6	amused	subject	she	Fred amused Sally because she	4,5
238	unexpected	11	6	amused	subject	he	Sally amused Fred because he	4,5
239	expected	11	6	amused	subject	she	Sally amused Fred because she	4,5
240	expected	12	6	amused	subject	he	Mark amused Sue because he	4,5
241	unexpected	12	6	amused	subject	she	Mark amused Sue because she	4,5
242	unexpected	13	6	amused	subject	he	Sue amused Mark because he	4,5
243	expected	13	6	amused	subject	she	Sue amused Mark because she	4,5
244	expected	14	6	amused	subject	he	Mark amused Mary because he	4,5
245	unexpected	14	6	amused	subject	she	Mark amused Mary because she	4,5
246	unexpected	15	6	amused	subject	he	Mary amused Mark because he	4,5
247	expected	15	6	amused	subject	she	Mary amused Mark because she	4,5
248	expected	16	6	amused	subject	he	Mark amused Sally because he	4,5
249	unexpected	16	6	amused	subject	she	Mark amused Sally because she	4,5
250	unexpected	17	6	amused	subject	he	Sally amused Mark because he	4,5
251	expected	17	6	amused	subject	she	Sally amused Mark because she	4,5
252	expected	0	7	worried	subject	he	Bob worried Sue because he	4,5
253	unexpected	0	7	worried	subject	she	Bob worried Sue because she	4,5
254	unexpected	1	7	worried	subject	he	Sue worried Bob because he	4,5
255	expected	1	7	worried	subject	she	Sue worried Bob because she	4,5
256	expected	2	7	worried	subject	he	Bob worried Mary because he	4,5
257	unexpected	2	7	worried	subject	she	Bob worried Mary because she	4,5
258	unexpected	3	7	worried	subject	he	Mary worried Bob because he	4,5
259	expected	3	7	worried	subject	she	Mary worried Bob because she	4,5
260	expected	4	7	worried	subject	he	Bob worried Sally because he	4,5
261	unexpected	4	7	worried	subject	she	Bob worried Sally because she	4,5
262	unexpected	5	7	worried	subject	he	Sally worried Bob because he	4,5
263	expected	5	7	worried	subject	she	Sally worried Bob because she	4,5
264	expected	6	7	worried	subject	he	Fred worried Sue because he	4,5
265	unexpected	6	7	worried	subject	she	Fred worried Sue because she	4,5
266	unexpected	7	7	worried	subject	he	Sue worried Fred because he	4,5
267	expected	7	7	worried	subject	she	Sue worried Fred because she	4,5
268	expected	8	7	worried	subject	he	Fred worried Mary because he	4,5
269	unexpected	8	7	worried	subject	she	Fred worried Mary because she	4,5
270	unexpected	9	7	worried	subject	he	Mary worried Fred because he	4,5
271	expected	9	7	worried	subject	she	Mary worried Fred because she	4,5
272	expected	10	7	worried	subject	he	Fred worried Sally because he	4,5
273	unexpected	10	7	worried	subject	she	Fred worried Sally because she	4,5
274	unexpected	11	7	worried	subject	he	Sally worried Fred because he	4,5
275	expected	11	7	worried	subject	she	Sally worried Fred because she	4,5
276	expected	12	7	worried	subject	he	Mark worried Sue because he	4,5
277	unexpected	12	7	worried	subject	she	Mark worried Sue because she	4,5
278	unexpected	13	7	worried	subject	he	Sue worried Mark because he	4,5
279	expected	13	7	worried	subject	she	Sue worried Mark because she	4,5
280	expected	14	7	worried	subject	he	Mark worried Mary because he	4,5
281	unexpected	14	7	worried	subject	she	Mark worried Mary because she	4,5
282	unexpected	15	7	worried	subject	he	Mary worried Mark because he	4,5
283	expected	15	7	worried	subject	she	Mary worried Mark because she	4,5
284	expected	16	7	worried	subject	he	Mark worried Sally because he	4,5
285	unexpected	16	7	worried	subject	she	Mark worried Sally because she	4,5
286	unexpected	17	7	worried	subject	he	Sally worried Mark because he	4,5
287	expected	17	7	worried	subject	she	Sally worried Mark because she	4,5
288	expected	0	8	haunted	subject	he	Bob haunted Sue because he	4,5
289	unexpected	0	8	haunted	subject	she	Bob haunted Sue because she	4,5
290	unexpected	1	8	haunted	subject	he	Sue haunted Bob because he	4,5
291	expected	1	8	haunted	subject	she	Sue haunted Bob because she	4,5
292	expected	2	8	haunted	subject	he	Bob haunted Mary because he	4,5
293	unexpected	2	8	haunted	subject	she	Bob haunted Mary because she	4,5
294	unexpected	3	8	haunted	subject	he	Mary haunted Bob because he	4,5
295	expected	3	8	haunted	subject	she	Mary haunted Bob because she	4,5
296	expected	4	8	haunted	subject	he	Bob haunted Sally because he	4,5
297	unexpected	4	8	haunted	subject	she	Bob haunted Sally because she	4,5
298	unexpected	5	8	haunted	subject	he	Sally haunted Bob because he	4,5
299	expected	5	8	haunted	subject	she	Sally haunted Bob because she	4,5
300	expected	6	8	haunted	subject	he	Fred haunted Sue because he	4,5
301	unexpected	6	8	haunted	subject	she	Fred haunted Sue because she	4,5
302	unexpected	7	8	haunted	subject	he	Sue haunted Fred because he	4,5
303	expected	7	8	haunted	subject	she	Sue haunted Fred because she	4,5
304	expected	8	8	haunted	subject	he	Fred haunted Mary because he	4,5
305	unexpected	8	8	haunted	subject	she	Fred haunted Mary because she	4,5
306	unexpected	9	8	haunted	subject	he	Mary haunted Fred because he	4,5
307	expected	9	8	haunted	subject	she	Mary haunted Fred because she	4,5
308	expected	10	8	haunted	subject	he	Fred haunted Sally because he	4,5
309	unexpected	10	8	haunted	subject	she	Fred haunted Sally because she	4,5
310	unexpected	11	8	haunted	subject	he	Sally haunted Fred because he	4,5
311	expected	11	8	haunted	subject	she	Sally haunted Fred because she	4,5
312	expected	12	8	haunted	subject	he	Mark haunted Sue because he	4,5
313	unexpected	12	8	haunted	subject	she	Mark haunted Sue because she	4,5
314	unexpected	13	8	haunted	subject	he	Sue haunted Mark because he	4,5
315	expected	13	8	haunted	subject	she	Sue haunted Mark because she	4,5
316	expected	14	8	haunted	subject	he	Mark haunted Mary because he	4,5
317	unexpected	14	8	haunted	subject	she	Mark haunted Mary because she	4,5
318	unexpected	15	8	haunted	subject	he	Mary haunted Mark because he	4,5
319	expected	15	8	haunted	subject	she	Mary haunted Mark because she	4,5
320	expected	16	8	haunted	subject	he	Mark haunted Sally because he	4,5
321	unexpected	16	8	haunted	subject	she	Mark haunted Sally because she	4,5
322	unexpected	17	8	haunted	subject	he	Sally haunted Mark because he	4,5
323	expected	17	8	haunted	subject	she	Sally haunted Mark because she	4,5
324	expected	0	9	upset	subject	he	Bob upset Sue because he	4,5
325	unexpected	0	9	upset	subject	she	Bob upset Sue because she	4,5
326	unexpected	1	9	upset	subject	he	Sue upset Bob because he	4,5
327	expected	1	9	upset	subject	she	Sue upset Bob because she	4,5
328	expected	2	9	upset	subject	he	Bob upset Mary because he	4,5
329	unexpected	2	9	upset	subject	she	Bob upset Mary because she	4,5
330	unexpected	3	9	upset	subject	he	Mary upset Bob because he	4,5
331	expected	3	9	upset	subject	she	Mary upset Bob because she	4,5
332	expected	4	9	upset	subject	he	Bob upset Sally because he	4,5
333	unexpected	4	9	upset	subject	she	Bob upset Sally because she	4,5
334	unexpected	5	9	upset	subject	he	Sally upset Bob because he	4,5
335	expected	5	9	upset	subject	she	Sally upset Bob because she	4,5
336	expected	6	9	upset	subject	he	Fred upset Sue because he	4,5
337	unexpected	6	9	upset	subject	she	Fred upset Sue because she	4,5
338	unexpected	7	9	upset	subject	he	Sue upset Fred because he	4,5
339	expected	7	9	upset	subject	she	Sue upset Fred because she	4,5
340	expected	8	9	upset	subject	he	Fred upset Mary because he	4,5
341	unexpected	8	9	upset	subject	she	Fred upset Mary because she	4,5
342	unexpected	9	9	upset	subject	he	Mary upset Fred because he	4,5
343	expected	9	9	upset	subject	she	Mary upset Fred because she	4,5
344	expected	10	9	upset	subject	he	Fred upset Sally because he	4,5
345	unexpected	10	9	upset	subject	she	Fred upset Sally because she	4,5
346	unexpected	11	9	upset	subject	he	Sally upset Fred because he	4,5
347	expected	11	9	upset	subject	she	Sally upset Fred because she	4,5
348	expected	12	9	upset	subject	he	Mark upset Sue because he	4,5
349	unexpected	12	9	upset	subject	she	Mark upset Sue because she	4,5
350	unexpected	13	9	upset	subject	he	Sue upset Mark because he	4,5
351	expected	13	9	upset	subject	she	Sue upset Mark because she	4,5
352	expected	14	9	upset	subject	he	Mark upset Mary because he	4,5
353	unexpected	14	9	upset	subject	she	Mark upset Mary because she	4,5
354	unexpected	15	9	upset	subject	he	Mary upset Mark because he	4,5
355	expected	15	9	upset	subject	she	Mary upset Mark because she	4,5
356	expected	16	9	upset	subject	he	Mark upset Sally because he	4,5
357	unexpected	16	9	upset	subject	she	Mark upset Sally because she	4,5
358	unexpected	17	9	upset	subject	he	Sally upset Mark because he	4,5
359	expected	17	9	upset	subject	she	Sally upset Mark because she	4,5
360	unexpected	0	10	feared	object	he	Bob feared Sue because he	4,5
361	expected	0	10	feared	object	she	Bob feared Sue because she	4,5
362	expected	1	10	feared	object	he	Sue feared Bob because he	4,5
363	unexpected	1	10	feared	object	she	Sue feared Bob because she	4,5
364	unexpected	2	10	feared	object	he	Bob feared Mary because he	4,5
365	expected	2	10	feared	object	she	Bob feared Mary because she	4,5
366	expected	3	10	feared	object	he	Mary feared Bob because he	4,5
367	unexpected	3	10	feared	object	she	Mary feared Bob because she	4,5
368	unexpected	4	10	feared	object	he	Bob feared Sally because he	4,5
369	expected	4	10	feared	object	she	Bob feared Sally because she	4,5
370	expected	5	10	feared	object	he	Sally feared Bob because he	4,5
371	unexpected	5	10	feared	object	she	Sally feared Bob because she	4,5
372	unexpected	6	10	feared	object	he	Fred feared Sue because he	4,5
373	expected	6	10	feared	object	she	Fred feared Sue because she	4,5
374	expected	7	10	feared	object	he	Sue feared Fred because he	4,5
375	unexpected	7	10	feared	object	she	Sue feared Fred because she	4,5
376	unexpected	8	10	feared	object	he	Fred feared Mary because he	4,5
377	expected	8	10	feared	object	she	Fred feared Mary because she	4,5
378	expected	9	10	feared	object	he	Mary feared Fred because he	4,5
379	unexpected	9	10	feared	object	she	Mary feared Fred because she	4,5
380	unexpected	10	10	feared	object	he	Fred feared Sally because he	4,5
381	expected	10	10	feared	object	she	Fred feared Sally because she	4,5
382	expected	11	10	feared	object	he	Sally feared Fred because he	4,5
383	unexpected	11	10	feared	object	she	Sally feared Fred because she	4,5
384	unexpected	12	10	feared	object	he	Mark feared Sue because he	4,5
385	expected	12	10	feared	object	she	Mark feared Sue because she	4,5
386	expected	13	10	feared	object	he	Sue feared Mark because he	4,5
387	unexpected	13	10	feared	object	she	Sue feared Mark because she	4,5
388	unexpected	14	10	feared	object	he	Mark feared Mary because he	4,5
389	expected	14	10	feared	object	she	Mark feared Mary because she	4,5
390	expected	15	10	feared	object	he	Mary feared Mark because he	4,5
391	unexpected	15	10	feared	object	she	Mary feared Mark because she	4,5
392	unexpected	16	10	feared	object	he	Mark feared Sally because he	4,5
393	expected	16	10	feared	object	she	Mark feared Sally because she	4,5
394	expected	17	10	feared	object	he	Sally feared Mark because he	4,5
395	unexpected	17	10	feared	object	she	Sally feared Mark because she	4,5
396	unexpected	0	11	believed	object	he	Bob believed Sue because he	4,5
397	expected	0	11	believed	object	she	Bob believed Sue because she	4,5
398	expected	1	11	believed	object	he	Sue believed Bob because he	4,5
399	unexpected	1	11	believed	object	she	Sue believed Bob because she	4,5
400	unexpected	2	11	believed	object	he	Bob believed Mary because he	4,5
401	expected	2	11	believed	object	she	Bob believed Mary because she	4,5
402	expected	3	11	believed	object	he	Mary believed Bob because he	4,5
403	unexpected	3	11	believed	object	she	Mary believed Bob because she	4,5
404	unexpected	4	11	believed	object	he	Bob believed Sally because he	4,5
405	expected	4	11	believed	object	she	Bob believed Sally because she	4,5
406	expected	5	11	believed	object	he	Sally believed Bob because he	4,5
407	unexpected	5	11	believed	object	she	Sally believed Bob because she	4,5
408	unexpected	6	11	believed	object	he	Fred believed Sue because he	4,5
409	expected	6	11	believed	object	she	Fred believed Sue because she	4,5
410	expected	7	11	believed	object	he	Sue believed Fred because he	4,5
411	unexpected	7	11	believed	object	she	Sue believed Fred because she	4,5
412	unexpected	8	11	believed	object	he	Fred believed Mary because he	4,5
413	expected	8	11	believed	object	she	Fred believed Mary because she	4,5
414	expected	9	11	believed	object	he	Mary believed Fred because he	4,5
415	unexpected	9	11	believed	object	she	Mary believed Fred because she	4,5
416	unexpected	10	11	believed	object	he	Fred believed Sally because he	4,5
417	expected	10	11	believed	object	she	Fred believed Sally because she	4,5
418	expected	11	11	believed	object	he	Sally believed Fred because he	4,5
419	unexpected	11	11	believed	object	she	Sally believed Fred because she	4,5
420	unexpected	12	11	believed	object	he	Mark believed Sue because he	4,5
421	expected	12	11	believed	object	she	Mark believed Sue because she	4,5
422	expected	13	11	believed	object	he	Sue believed Mark because he	4,5
423	unexpected	13	11	believed	object	she	Sue believed Mark because she	4,5
424	unexpected	14	11	believed	object	he	Mark believed Mary because he	4,5
425	expected	14	11	believed	object	she	Mark believed Mary because she	4,5
426	expected	15	11	believed	object	he	Mary believed Mark because he	4,5
427	unexpected	15	11	believed	object	she	Mary believed Mark because she	4,5
428	unexpected	16	11	believed	object	he	Mark believed Sally because he	4,5
429	expected	16	11	believed	object	she	Mark believed Sally because she	4,5
430	expected	17	11	believed	object	he	Sally believed Mark because he	4,5
431	unexpected	17	11	believed	object	she	Sally believed Mark because she	4,5
432	unexpected	0	12	encouraged	object	he	Bob encouraged Sue because he	4,5
433	expected	0	12	encouraged	object	she	Bob encouraged Sue because she	4,5
434	expected	1	12	encouraged	object	he	Sue encouraged Bob because he	4,5
435	unexpected	1	12	encouraged	object	she	Sue encouraged Bob because she	4,5
436	unexpected	2	12	encouraged	object	he	Bob encouraged Mary because he	4,5
437	expected	2	12	encouraged	object	she	Bob encouraged Mary because she	4,5
438	expected	3	12	encouraged	object	he	Mary encouraged Bob because he	4,5
439	unexpected	3	12	encouraged	object	she	Mary encouraged Bob because she	4,5
440	unexpected	4	12	encouraged	object	he	Bob encouraged Sally because he	4,5
441	expected	4	12	encouraged	object	she	Bob encouraged Sally because she	4,5
442	expected	5	12	encouraged	object	he	Sally encouraged Bob because he	4,5
443	unexpected	5	12	encouraged	object	she	Sally encouraged Bob because she	4,5
444	unexpected	6	12	encouraged	object	he	Fred encouraged Sue because he	4,5
445	expected	6	12	encouraged	object	she	Fred encouraged Sue because she	4,5
446	expected	7	12	encouraged	object	he	Sue encouraged Fred because he	4,5
447	unexpected	7	12	encouraged	object	she	Sue encouraged Fred because she	4,5
448	unexpected	8	12	encouraged	object	he	Fred encouraged Mary because he	4,5
449	expected	8	12	encouraged	object	she	Fred encouraged Mary because she	4,5
450	expected	9	12	encouraged	object	he	Mary encouraged Fred because he	4,5
451	unexpected	9	12	encouraged	object	she	Mary encouraged Fred because she	4,5
452	unexpected	10	12	encouraged	object	he	Fred encouraged Sally because he	4,5
453	expected	10	12	encouraged	object	she	Fred encouraged Sally because she	4,5
454	expected	11	12	encouraged	object	he	Sally encouraged Fred because he	4,5
455	unexpected	11	12	encouraged	object	she	Sally encouraged Fred because she	4,5
456	unexpected	12	12	encouraged	object	he	Mark encouraged Sue because he	4,5
457	expected	12	12	encouraged	object	she	Mark encouraged Sue because she	4,5
458	expected	13	12	encouraged	object	he	Sue encouraged Mark because he	4,5
459	unexpected	13	12	encouraged	object	she	Sue encouraged Mark because she	4,5
460	unexpected	14	12	encouraged	object	he	Mark encouraged Mary because he	4,5
461	expected	14	12	encouraged	object	she	Mark encouraged Mary because she	4,5
462	expected	15	12	encouraged	object	he	Mary encouraged Mark because he	4,5
463	unexpected	15	12	encouraged	object	she	Mary encouraged Mark because she	4,5
464	unexpected	16	12	encouraged	object	he	Mark encouraged Sally because he	4,5
465	expected	16	12	encouraged	object	she	Mark encouraged Sally because she	4,5
466	expected	17	12	encouraged	object	he	Sally encouraged Mark because he	4,5
467	unexpected	17	12	encouraged	object	she	Sally encouraged Mark because she	4,5
468	unexpected	0	13	cherished	object	he	Bob cherished Sue because he	4,5
469	expected	0	13	cherished	object	she	Bob cherished Sue because she	4,5
470	expected	1	13	cherished	object	he	Sue cherished Bob because he	4,5
471	unexpected	1	13	cherished	object	she	Sue cherished Bob because she	4,5
472	unexpected	2	13	cherished	object	he	Bob cherished Mary because he	4,5
473	expected	2	13	cherished	object	she	Bob cherished Mary because she	4,5
474	expected	3	13	cherished	object	he	Mary cherished Bob because he	4,5
475	unexpected	3	13	cherished	object	she	Mary cherished Bob because she	4,5
476	unexpected	4	13	cherished	object	he	Bob cherished Sally because he	4,5
477	expected	4	13	cherished	object	she	Bob cherished Sally because she	4,5
478	expected	5	13	cherished	object	he	Sally cherished Bob because he	4,5
479	unexpected	5	13	cherished	object	she	Sally cherished Bob because she	4,5
480	unexpected	6	13	cherished	object	he	Fred cherished Sue because he	4,5
481	expected	6	13	cherished	object	she	Fred cherished Sue because she	4,5
482	expected	7	13	cherished	object	he	Sue cherished Fred because he	4,5
483	unexpected	7	13	cherished	object	she	Sue cherished Fred because she	4,5
484	unexpected	8	13	cherished	object	he	Fred cherished Mary because he	4,5
485	expected	8	13	cherished	object	she	Fred cherished Mary because she	4,5
486	expected	9	13	cherished	object	he	Mary cherished Fred because he	4,5
487	unexpected	9	13	cherished	object	she	Mary cherished Fred because she	4,5
488	unexpected	10	13	cherished	object	he	Fred cherished Sally because he	4,5
489	expected	10	13	cherished	object	she	Fred cherished Sally because she	4,5
490	expected	11	13	cherished	object	he	Sally cherished Fred because he	4,5
491	unexpected	11	13	cherished	object	she	Sally cherished Fred because she	4,5
492	unexpected	12	13	cherished	object	he	Mark cherished Sue because he	4,5
493	expected	12	13	cherished	object	she	Mark cherished Sue because she	4,5
494	expected	13	13	cherished	object	he	Sue cherished Mark because he	4,5
495	unexpected	13	13	cherished	object	she	Sue cherished Mark because she	4,5
496	unexpected	14	13	cherished	object	he	Mark cherished Mary because he	4,5
497	expected	14	13	cherished	object	she	Mark cherished Mary because she	4,5
498	expected	15	13	cherished	object	he	Mary cherished Mark because he	4,5
499	unexpected	15	13	cherished	object	she	Mary cherished Mark because she	4,5
500	unexpected	16	13	cherished	object	he	Mark cherished Sally because he	4,5
501	expected	16	13	cherished	object	she	Mark cherished Sally because she	4,5
502	expected	17	13	cherished	object	he	Sally cherished Mark because he	4,5
503	unexpected	17	13	cherished	object	she	Sally cherished Mark because she	4,5
504	unexpected	0	14	blamed	object	he	Bob blamed Sue because he	4,5
505	expected	0	14	blamed	object	she	Bob blamed Sue because she	4,5
506	expected	1	14	blamed	object	he	Sue blamed Bob because he	4,5
507	unexpected	1	14	blamed	object	she	Sue blamed Bob because she	4,5
508	unexpected	2	14	blamed	object	he	Bob blamed Mary because he	4,5
509	expected	2	14	blamed	object	she	Bob blamed Mary because she	4,5
510	expected	3	14	blamed	object	he	Mary blamed Bob because he	4,5
511	unexpected	3	14	blamed	object	she	Mary blamed Bob because she	4,5
512	unexpected	4	14	blamed	object	he	Bob blamed Sally because he	4,5
513	expected	4	14	blamed	object	she	Bob blamed Sally because she	4,5
514	expected	5	14	blamed	object	he	Sally blamed Bob because he	4,5
515	unexpected	5	14	blamed	object	she	Sally blamed Bob because she	4,5
516	unexpected	6	14	blamed	object	he	Fred blamed Sue because he	4,5
517	expected	6	14	blamed	object	she	Fred blamed Sue because she	4,5
518	expected	7	14	blamed	object	he	Sue blamed Fred because he	4,5
519	unexpected	7	14	blamed	object	she	Sue blamed Fred because she	4,5
520	unexpected	8	14	blamed	object	he	Fred blamed Mary because he	4,5
521	expected	8	14	blamed	object	she	Fred blamed Mary because she	4,5
522	expected	9	14	blamed	object	he	Mary blamed Fred because he	4,5
523	unexpected	9	14	blamed	object	she	Mary blamed Fred because she	4,5
524	unexpected	10	14	blamed	object	he	Fred blamed Sally because he	4,5
525	expected	10	14	blamed	object	she	Fred blamed Sally because she	4,5
526	expected	11	14	blamed	object	he	Sally blamed Fred because he	4,5
527	unexpected	11	14	blamed	object	she	Sally blamed Fred because she	4,5
528	unexpected	12	14	blamed	object	he	Mark blamed Sue because he	4,5
529	expected	12	14	blamed	object	she	Mark blamed Sue because she	4,5
530	expected	13	14	blamed	object	he	Sue blamed Mark because he	4,5
531	unexpected	13	14	blamed	object	she	Sue blamed Mark because she	4,5
532	unexpected	14	14	blamed	object	he	Mark blamed Mary because he	4,5
533	expected	14	14	blamed	object	she	Mark blamed Mary because she	4,5
534	expected	15	14	blamed	object	he	Mary blamed Mark because he	4,5
535	unexpected	15	14	blamed	object	she	Mary blamed Mark because she	4,5
536	unexpected	16	14	blamed	object	he	Mark blamed Sally because he	4,5
537	expected	16	14	blamed	object	she	Mark blamed Sally because she	4,5
538	expected	17	14	blamed	object	he	Sally blamed Mark because he	4,5
539	unexpected	17	14	blamed	object	she	Sally blamed Mark because she	4,5
540	unexpected	0	15	divorced	object	he	Bob divorced Sue because he	4,5
541	expected	0	15	divorced	object	she	Bob divorced Sue because she	4,5
542	expected	1	15	divorced	object	he	Sue divorced Bob because he	4,5
543	unexpected	1	15	divorced	object	she	Sue divorced Bob because she	4,5
544	unexpected	2	15	divorced	object	he	Bob divorced Mary because he	4,5
545	expected	2	15	divorced	object	she	Bob divorced Mary because she	4,5
546	expected	3	15	divorced	object	he	Mary divorced Bob because he	4,5
547	unexpected	3	15	divorced	object	she	Mary divorced Bob because she	4,5
548	unexpected	4	15	divorced	object	he	Bob divorced Sally because he	4,5
549	expected	4	15	divorced	object	she	Bob divorced Sally because she	4,5
550	expected	5	15	divorced	object	he	Sally divorced Bob because he	4,5
551	unexpected	5	15	divorced	object	she	Sally divorced Bob because she	4,5
552	unexpected	6	15	divorced	object	he	Fred divorced Sue because he	4,5
553	expected	6	15	divorced	object	she	Fred divorced Sue because she	4,5
554	expected	7	15	divorced	object	he	Sue divorced Fred because he	4,5
555	unexpected	7	15	divorced	object	she	Sue divorced Fred because she	4,5
556	unexpected	8	15	divorced	object	he	Fred divorced Mary because he	4,5
557	expected	8	15	divorced	object	she	Fred divorced Mary because she	4,5
558	expected	9	15	divorced	object	he	Mary divorced Fred because he	4,5
559	unexpected	9	15	divorced	object	she	Mary divorced Fred because she	4,5
560	unexpected	10	15	divorced	object	he	Fred divorced Sally because he	4,5
561	expected	10	15	divorced	object	she	Fred divorced Sally because she	4,5
562	expected	11	15	divorced	object	he	Sally divorced Fred because he	4,5
563	unexpected	11	15	divorced	object	she	Sally divorced Fred because she	4,5
564	unexpected	12	15	divorced	object	he	Mark divorced Sue because he	4,5
565	expected	12	15	divorced	object	she	Mark divorced Sue because she	4,5
566	expected	13	15	divorced	object	he	Sue divorced Mark because he	4,5
567	unexpected	13	15	divorced	object	she	Sue divorced Mark because she	4,5
568	unexpected	14	15	divorced	object	he	Mark divorced Mary because he	4,5
569	expected	14	15	divorced	object	she	Mark divorced Mary because she	4,5
570	expected	15	15	divorced	object	he	Mary divorced Mark because he	4,5
571	unexpected	15	15	divorced	object	she	Mary divorced Mark because she	4,5
572	unexpected	16	15	divorced	object	he	Mark divorced Sally because he	4,5
573	expected	16	15	divorced	object	she	Mark divorced Sally because she	4,5
574	expected	17	15	divorced	object	he	Sally divorced Mark because he	4,5
575	unexpected	17	15	divorced	object	she	Sally divorced Mark because she	4,5
576	unexpected	0	16	revered	object	he	Bob revered Sue because he	4,5
577	expected	0	16	revered	object	she	Bob revered Sue because she	4,5
578	expected	1	16	revered	object	he	Sue revered Bob because he	4,5
579	unexpected	1	16	revered	object	she	Sue revered Bob because she	4,5
580	unexpected	2	16	revered	object	he	Bob revered Mary because he	4,5
581	expected	2	16	revered	object	she	Bob revered Mary because she	4,5
582	expected	3	16	revered	object	he	Mary revered Bob because he	4,5
583	unexpected	3	16	revered	object	she	Mary revered Bob because she	4,5
584	unexpected	4	16	revered	object	he	Bob revered Sally because he	4,5
585	expected	4	16	revered	object	she	Bob revered Sally because she	4,5
586	expected	5	16	revered	object	he	Sally revered Bob because he	4,5
587	unexpected	5	16	revered	object	she	Sally revered Bob because she	4,5
588	unexpected	6	16	revered	object	he	Fred revered Sue because he	4,5
589	expected	6	16	revered	object	she	Fred revered Sue because she	4,5
590	expected	7	16	revered	object	he	Sue revered Fred because he	4,5
591	unexpected	7	16	revered	object	she	Sue revered Fred because she	4,5
592	unexpected	8	16	revered	object	he	Fred revered Mary because he	4,5
593	expected	8	16	revered	object	she	Fred revered Mary because she	4,5
594	expected	9	16	revered	object	he	Mary revered Fred because he	4,5
595	unexpected	9	16	revered	object	she	Mary revered Fred because she	4,5
596	unexpected	10	16	revered	object	he	Fred revered Sally because he	4,5
597	expected	10	16	revered	object	she	Fred revered Sally because she	4,5
598	expected	11	16	revered	object	he	Sally revered Fred because he	4,5
599	unexpected	11	16	revered	object	she	Sally revered Fred because she	4,5
600	unexpected	12	16	revered	object	he	Mark revered Sue because he	4,5
601	expected	12	16	revered	object	she	Mark revered Sue because she	4,5
602	expected	13	16	revered	object	he	Sue revered Mark because he	4,5
603	unexpected	13	16	revered	object	she	Sue revered Mark because she	4,5
604	unexpected	14	16	revered	object	he	Mark revered Mary because he	4,5
605	expected	14	16	revered	object	she	Mark revered Mary because she	4,5
606	expected	15	16	revered	object	he	Mary revered Mark because he	4,5
607	unexpected	15	16	revered	object	she	Mary revered Mark because she	4,5
608	unexpected	16	16	revered	object	he	Mark revered Sally because he	4,5
609	expected	16	16	revered	object	she	Mark revered Sally because she	4,5
610	expected	17	16	revered	object	he	Sally revered Mark because he	4,5
611	unexpected	17	16	revered	object	she	Sally revered Mark because she	4,5
612	unexpected	0	17	trusted	object	he	Bob trusted Sue because he	4,5
613	expected	0	17	trusted	object	she	Bob trusted Sue because she	4,5
614	expected	1	17	trusted	object	he	Sue trusted Bob because he	4,5
615	unexpected	1	17	trusted	object	she	Sue trusted Bob because she	4,5
616	unexpected	2	17	trusted	object	he	Bob trusted Mary because he	4,5
617	expected	2	17	trusted	object	she	Bob trusted Mary because she	4,5
618	expected	3	17	trusted	object	he	Mary trusted Bob because he	4,5
619	unexpected	3	17	trusted	object	she	Mary trusted Bob because she	4,5
620	unexpected	4	17	trusted	object	he	Bob trusted Sally because he	4,5
621	expected	4	17	trusted	object	she	Bob trusted Sally because she	4,5
622	expected	5	17	trusted	object	he	Sally trusted Bob because he	4,5
623	unexpected	5	17	trusted	object	she	Sally trusted Bob because she	4,5
624	unexpected	6	17	trusted	object	he	Fred trusted Sue because he	4,5
625	expected	6	17	trusted	object	she	Fred trusted Sue because she	4,5
626	expected	7	17	trusted	object	he	Sue trusted Fred because he	4,5
627	unexpected	7	17	trusted	object	she	Sue trusted Fred because she	4,5
628	unexpected	8	17	trusted	object	he	Fred trusted Mary because he	4,5
629	expected	8	17	trusted	object	she	Fred trusted Mary because she	4,5
630	expected	9	17	trusted	object	he	Mary trusted Fred because he	4,5
631	unexpected	9	17	trusted	object	she	Mary trusted Fred because she	4,5
632	unexpected	10	17	trusted	object	he	Fred trusted Sally because he	4,5
633	expected	10	17	trusted	object	she	Fred trusted Sally because she	4,5
634	expected	11	17	trusted	object	he	Sally trusted Fred because he	4,5
635	unexpected	11	17	trusted	object	she	Sally trusted Fred because she	4,5
636	unexpected	12	17	trusted	object	he	Mark trusted Sue because he	4,5
637	expected	12	17	trusted	object	she	Mark trusted Sue because she	4,5
638	expected	13	17	trusted	object	he	Sue trusted Mark because he	4,5
639	unexpected	13	17	trusted	object	she	Sue trusted Mark because she	4,5
640	unexpected	14	17	trusted	object	he	Mark trusted Mary because he	4,5
641	expected	14	17	trusted	object	she	Mark trusted Mary because she	4,5
642	expected	15	17	trusted	object	he	Mary trusted Mark because he	4,5
643	unexpected	15	17	trusted	object	she	Mary trusted Mark because she	4,5
644	unexpected	16	17	trusted	object	he	Mark trusted Sally because he	4,5
645	expected	16	17	trusted	object	she	Mark trusted Sally because she	4,5
646	expected	17	17	trusted	object	he	Sally trusted Mark because he	4,5
647	unexpected	17	17	trusted	object	she	Sally trusted Mark because she	4,5
648	unexpected	0	18	liked	object	he	Bob liked Sue because he	4,5
649	expected	0	18	liked	object	she	Bob liked Sue because she	4,5
650	expected	1	18	liked	object	he	Sue liked Bob because he	4,5
651	unexpected	1	18	liked	object	she	Sue liked Bob because she	4,5
652	unexpected	2	18	liked	object	he	Bob liked Mary because he	4,5
653	expected	2	18	liked	object	she	Bob liked Mary because she	4,5
654	expected	3	18	liked	object	he	Mary liked Bob because he	4,5
655	unexpected	3	18	liked	object	she	Mary liked Bob because she	4,5
656	unexpected	4	18	liked	object	he	Bob liked Sally because he	4,5
657	expected	4	18	liked	object	she	Bob liked Sally because she	4,5
658	expected	5	18	liked	object	he	Sally liked Bob because he	4,5
659	unexpected	5	18	liked	object	she	Sally liked Bob because she	4,5
660	unexpected	6	18	liked	object	he	Fred liked Sue because he	4,5
661	expected	6	18	liked	object	she	Fred liked Sue because she	4,5
662	expected	7	18	liked	object	he	Sue liked Fred because he	4,5
663	unexpected	7	18	liked	object	she	Sue liked Fred because she	4,5
664	unexpected	8	18	liked	object	he	Fred liked Mary because he	4,5
665	expected	8	18	liked	object	she	Fred liked Mary because she	4,5
666	expected	9	18	liked	object	he	Mary liked Fred because he	4,5
667	unexpected	9	18	liked	object	she	Mary liked Fred because she	4,5
668	unexpected	10	18	liked	object	he	Fred liked Sally because he	4,5
669	expected	10	18	liked	object	she	Fred liked Sally because she	4,5
670	expected	11	18	liked	object	he	Sally liked Fred because he	4,5
671	unexpected	11	18	liked	object	she	Sally liked Fred because she	4,5
672	unexpected	12	18	liked	object	he	Mark liked Sue because he	4,5
673	expected	12	18	liked	object	she	Mark liked Sue because she	4,5
674	expected	13	18	liked	object	he	Sue liked Mark because he	4,5
675	unexpected	13	18	liked	object	she	Sue liked Mark because she	4,5
676	unexpected	14	18	liked	object	he	Mark liked Mary because he	4,5
677	expected	14	18	liked	object	she	Mark liked Mary because she	4,5
678	expected	15	18	liked	object	he	Mary liked Mark because he	4,5
679	unexpected	15	18	liked	object	she	Mary liked Mark because she	4,5
680	unexpected	16	18	liked	object	he	Mark liked Sally because he	4,5
681	expected	16	18	liked	object	she	Mark liked Sally because she	4,5
682	expected	17	18	liked	object	he	Sally liked Mark because he	4,5
683	unexpected	17	18	liked	object	she	Sally liked Mark because she	4,5
684	unexpected	0	19	valued	object	he	Bob valued Sue because he	4,5
685	expected	0	19	valued	object	she	Bob valued Sue because she	4,5
686	expected	1	19	valued	object	he	Sue valued Bob because he	4,5
687	unexpected	1	19	valued	object	she	Sue valued Bob because she	4,5
688	unexpected	2	19	valued	object	he	Bob valued Mary because he	4,5
689	expected	2	19	valued	object	she	Bob valued Mary because she	4,5
690	expected	3	19	valued	object	he	Mary valued Bob because he	4,5
691	unexpected	3	19	valued	object	she	Mary valued Bob because she	4,5
692	unexpected	4	19	valued	object	he	Bob valued Sally because he	4,5
693	expected	4	19	valued	object	she	Bob valued Sally because she	4,5
694	expected	5	19	valued	object	he	Sally valued Bob because he	4,5
695	unexpected	5	19	valued	object	she	Sally valued Bob because she	4,5
696	unexpected	6	19	valued	object	he	Fred valued Sue because he	4,5
697	expected	6	19	valued	object	she	Fred valued Sue because she	4,5
698	expected	7	19	valued	object	he	Sue valued Fred because he	4,5
699	unexpected	7	19	valued	object	she	Sue valued Fred because she	4,5
700	unexpected	8	19	valued	object	he	Fred valued Mary because he	4,5
701	expected	8	19	valued	object	she	Fred valued Mary because she	4,5
702	expected	9	19	valued	object	he	Mary valued Fred because he	4,5
703	unexpected	9	19	valued	object	she	Mary valued Fred because she	4,5
704	unexpected	10	19	valued	object	he	Fred valued Sally because he	4,5
705	expected	10	19	valued	object	she	Fred valued Sally because she	4,5
706	expected	11	19	valued	object	he	Sally valued Fred because he	4,5
707	unexpected	11	19	valued	object	she	Sally valued Fred because she	4,5
708	unexpected	12	19	valued	object	he	Mark valued Sue because he	4,5
709	expected	12	19	valued	object	she	Mark valued Sue because she	4,5
710	expected	13	19	valued	object	he	Sue valued Mark because he	4,5
711	unexpected	13	19	valued	object	she	Sue valued Mark because she	4,5
712	unexpected	14	19	valued	object	he	Mark valued Mary because he	4,5
713	expected	14	19	valued	object	she	Mark valued Mary because she	4,5
714	expected	15	19	valued	object	he	Mary valued Mark because he	4,5
715	unexpected	15	19	valued	object	she	Mary valued Mark because she	4,5
716	unexpected	16	19	valued	object	he	Mark valued Sally because he	4,5
717	expected	16	19	valued	object	she	Mark valued Sally because she	4,5
718	expected	17	19	valued	object	he	Sally valued Mark because he	4,5
719	unexpected	17	19	valued	object	she	Sally valued Mark because she	4,5
